Target_name,Group,Order,Family,Species
QUTB,Basal Eudicots,Berberidopsidales,Aextoxicaceae,Aextoxicon punctatum
HAEU,Basal Eudicots,Berberidopsidales,Berberidopsidaceae,Berberidopsis beckleri
IWMW,Basal Eudicots,Buxales,Buxaceae,Buxus sempervirens
EHNF,Basal Eudicots,Dilleniales,Dilleniaceae,Dillenia indica
OKEF,Basal Eudicots,Dilleniales,Dilleniaceae,Hibbertia grossulariifolia
XMQO,Basal Eudicots,Gunnerales,Gunneraceae,Gunnera manicata
FAKD,Basal Eudicots,Proteales,Nelumbonaceae,Nelumbo sp.
VQFW,Basal Eudicots,Proteales,Platanaceae,Platanus occidentalis
GRRW,Basal Eudicots,Proteales,Proteaceae,Grevillea robusta
RQUG,Basal Eudicots,Proteales,Proteaceae,Hakea prostrata
AALA,Basal Eudicots,Proteales,Sabiaceae,Meliosma cuneifolia
YHFG,Basal Eudicots,Ranunculales,Berberidaceae,Nandina domestica
WFBF,Basal Eudicots,Ranunculales,Berberidaceae,Podophyllum peltatum
QTJY,Basal Eudicots,Ranunculales,Eupteleaceae,Euptelea pleiosperma
NMGG,Basal Eudicots,Ranunculales,Fumariaceae,Hypecoum procumbens
CCID,Basal Eudicots,Ranunculales,Lardizabalaceae,Akebia trifoliata
LVNW,Basal Eudicots,Ranunculales,Menispermaceae,Cocculus laurifolius
IRAF,Basal Eudicots,Ranunculales,Papaveraceae,Argemone mexicana
AUGV,Basal Eudicots,Ranunculales,Papaveraceae,Capnoides sempervirens
UDHA,Basal Eudicots,Ranunculales,Papaveraceae,Ceratocapnos vesicaria
XMVD,Basal Eudicots,Ranunculales,Papaveraceae,Chelidonium majus
ZGQD,Basal Eudicots,Ranunculales,Papaveraceae,Corydalis linstowiana
EVOD,Basal Eudicots,Ranunculales,Papaveraceae,Eschscholzia californica
BEKN,Basal Eudicots,Ranunculales,Papaveraceae,Papaver rhoeas
XHKT,Basal Eudicots,Ranunculales,Papaveraceae,Sanguinaria canadensis
ZUHO,Basal Eudicots,Ranunculales,Ranunculaceae,Anemone hupehensis
CYVA,Basal Eudicots,Ranunculales,Ranunculaceae,Cimicifuga racemosa
VGHH,Basal Eudicots,Ranunculales,Ranunculaceae,Hydrastis canadensis
GBVZ,Basal Eudicots,Ranunculales,Ranunculaceae,Thalictrum thalictroides
SWOH,Basal Eudicots,Trochodendrales,Trochodendraceae,Trochodendron aralioides
URDJ,Basalmost angiosperms,Amborellales,Amborellaceae,Amborella trichopoda
FZJL,Basalmost angiosperms,Austrobaileyales,Austrobaileyaceae,Austrobaileya scandens
VZCI,Basalmost angiosperms,Austrobaileyales,Schisandraceae,Illicium floridanum
ROAP,Basalmost angiosperms,Austrobaileyales,Schisandraceae,Illicium parviflorum
NWMY,Basalmost angiosperms,Austrobaileyales,Schisandraceae,Kadsura heteroclita
NPND,Basalmost angiosperms,Ceratophyllales,Ceratophyllaceae,Ceratophyllum demersum
WTKZ,Basalmost angiosperms,Nymphaeales,Nymphaeaceae,Nuphar advena
PZRT,Basalmost angiosperms,Nymphaeales,Nymphaeaceae,Nymphaea sp.
WZFE,Chloranthales,Chloranthales,Chloranthaceae,Ascarina rubricaulis
OSHQ,Chloranthales,Chloranthales,Chloranthaceae,Sarcandra glabra
GJNX,Core Eudicots,Caryophyllales,Aizoaceae,Cypselea humifusa
BJKT,Core Eudicots,Caryophyllales,Aizoaceae,Delosperma echinatum
EDIT,Core Eudicots,Caryophyllales,Aizoaceae,Sesuvium verrucosum
OMYK,Core Eudicots,Caryophyllales,Aizoaceae,Trianthema portulacastrum
BERS,Core Eudicots,Caryophyllales,Aizoaceae,Zaleya pentandra
PDQH,Core Eudicots,Caryophyllales,Amaranthaceae,Aerva lanata
ZBPY,Core Eudicots,Caryophyllales,Amaranthaceae,Alternanthera brasiliana
FVXD,Core Eudicots,Caryophyllales,Amaranthaceae,Beta maritima
CUTE,Core Eudicots,Caryophyllales,Amaranthaceae,Blutaparon vermiculare
SMMC,Core Eudicots,Caryophyllales,Amaranthaceae,Chenopodium quinoa
WGET,Core Eudicots,Caryophyllales,Amaranthaceae,Kochia scoparia
HSXO,Core Eudicots,Caryophyllales,Ancistrocladaceae,Ancistrocladus tectorius
CTYH,Core Eudicots,Caryophyllales,Basellaceae,Basella alba
CPKP,Core Eudicots,Caryophyllales,Cactaceae,Lophophora williamsii
QAIR,Core Eudicots,Caryophyllales,Cactaceae,Opuntia polyacantha
JLOV,Core Eudicots,Caryophyllales,Cactaceae,Pereskia aculeata
SHEZ,Core Eudicots,Caryophyllales,Caryophyllaceae,Dianthus caryophyllus
RXEN,Core Eudicots,Caryophyllales,Caryophyllaceae,Polycarpaea repens
SKNL,Core Eudicots,Caryophyllales,Caryophyllaceae,Saponaria officinalis
OLES,Core Eudicots,Caryophyllales,Caryophyllaceae,Schiedea membranacea
FZQN,Core Eudicots,Caryophyllales,Caryophyllaceae,Silene latifolia
TJES,Core Eudicots,Caryophyllales,Caryophyllaceae,Spergularia media
ONLQ,Core Eudicots,Caryophyllales,Chenopodiaceae,Atriplex hortensis
WPYJ,Core Eudicots,Caryophyllales,Frankeniaceae,Frankenia laevis
YNFJ,Core Eudicots,Caryophyllales,Miroteaceae,Microtea debilis
SCAO,Core Eudicots,Caryophyllales,Molluginaceae,Mollugo nudicaulis
WQUF,Core Eudicots,Caryophyllales,Nepenthaceae,Nepenthes alata
HMFE,Core Eudicots,Caryophyllales,Nyctaginaceae,Allionia incarnata
ZBTA,Core Eudicots,Caryophyllales,Nyctaginaceae,Boerhavia coccinea
JAFJ,Core Eudicots,Caryophyllales,Nyctaginaceae,Bougainvillea spectabilis
JGAB,Core Eudicots,Caryophyllales,Nyctaginaceae,Mirabilis jalapa
AZBL,Core Eudicots,Caryophyllales,Petiveriaceae,Petiveria alliacea
RUUB,Core Eudicots,Caryophyllales,Physenaceae,Physena madagascariensis
SFKQ,Core Eudicots,Caryophyllales,Phytolaccaceae,Hilleria latifolia
MRKX,Core Eudicots,Caryophyllales,Phytolaccaceae,Phytolacca bogotensis
WOBD,Core Eudicots,Caryophyllales,Plumbaginaceae,Limonium spectabile
CGGO,Core Eudicots,Caryophyllales,Plumbaginaceae,Plumbago auriculata
FYSJ,Core Eudicots,Caryophyllales,Polygonaceae,Polygonum convolvulus
LDEL,Core Eudicots,Caryophyllales,Portulacaceae,Portulaca amilis
GIWN,Core Eudicots,Caryophyllales,Sarcobataceae,Sarcobatus vermiculatus
CVDF,Core Eudicots,Caryophyllales,Simmondsiaceae,Simmondsia chinensis
LKKX,Core Eudicots,Caryophyllales,Talinaceae,Talinum sp.
HTDC,Core Eudicots,Caryophyllales,Tamaricaceae,Tamarix chinensis
STKY,Core Eudicots,Santalales,Balanophoraceae,Balanophora fungosa
VGVI,Core Eudicots,Santalales,Loranthaceae,Dendropemon caribaeus
XKPS,Core Eudicots,Santalales,Olacaceae,Ximenia americana
BSEY,Core Eudicots,Santalales,Santalaceae,Daenikera sp.
XGFU,Core Eudicots,Santalales,Santalaceae,Exocarpos cupressiformis
RSPO,Core Eudicots,Santalales,Santalaceae,Santalum acuminatum
QKMG,Core Eudicots,Santalales,Viscaceae,Phoradendron serotinum
LMVB,Core Eudicots,Saxifragales,Altingiaceae,Liquidambar styraciflua
TOKV,Core Eudicots,Saxifragales,Aphanopetalaceae,Aphanopetalum resinosum
NUZN,Core Eudicots,Saxifragales,Cercidiphyllaceae,Cercidiphyllum japonicum
KWGC,Core Eudicots,Saxifragales,Crassulaceae,Crassula perforata
DRIL,Core Eudicots,Saxifragales,Crassulaceae,Kalanchoe crenato-diagremontiana
ZJUL,Core Eudicots,Saxifragales,Crassulaceae,Rhodiola rosea
FYTP,Core Eudicots,Saxifragales,Daphniphyllaceae,Daphniphyllum macropodum
SYHW,Core Eudicots,Saxifragales,Grossulariaceae,Ribes aff. giraldii
IUSR,Core Eudicots,Saxifragales,Haloragaceae,Myriophyllum aquaticum
YKQR,Core Eudicots,Saxifragales,Hamamelidaceae,Hamamelis virginiana
TQOO,Core Eudicots,Saxifragales,Hamamelidaceae,Loropetalum chinense
UWFU,Core Eudicots,Saxifragales,Iteaceae,Itea virginica
HTIP,Core Eudicots,Saxifragales,Paeoniaceae,Paeonia lactiflora
CKKR,Core Eudicots,Saxifragales,Saxifragaceae,Astilbe chinensis
CIAC,Core Eudicots,Saxifragales,Saxifragaceae,Bergenia sp.
OOVX,Core Eudicots,Saxifragales,Saxifragaceae,Boykinia jamesii
ERIA,Core Eudicots,Saxifragales,Saxifragaceae,Heuchera sanguinea
DAYQ,Core Eudicots,Saxifragales,Saxifragaceae,Mitella pentandra
UHBY,Core Eudicots,Saxifragales,Saxifragaceae,Oresitrophe rupifraga
YKFU,Core Eudicots,Saxifragales,Saxifragaceae,Peltoboykinia watanabei
FCBJ,Core Eudicots,Saxifragales,Saxifragaceae,Saxifraga stolonifera
CTSS,Core Eudicots,Saxifragales,Saxifragaceae,Tellima breviflora
SLOI,Core Eudicots,Saxifragales,Saxifragaceae,Tiarella polyphylla
TQKZ,Core Eudicots/Asterids,Apiales,Apiaceae,Angelica archangelica
CWYJ,Core Eudicots/Asterids,Apiales,Apiaceae,Heracleum lanatum
SUVN,Core Eudicots/Asterids,Apiales,Araliaceae,Hedera helix
OINM,Core Eudicots/Asterids,Apiales,Araliaceae,Hydrocotyle umbellata
EDBB,Core Eudicots/Asterids,Apiales,Araliaceae,Polyscias fruticosa
MVSE,Core Eudicots/Asterids,Apiales,Griseliniaceae,Griselinia littoralis
WEQK,Core Eudicots/Asterids,Apiales,Mackinlayaceae,Centella asiatica
AJFN,Core Eudicots/Asterids,Apiales,Myodocarpaceae,Myodocarpus sp.
SBZH,Core Eudicots/Asterids,Apiales,Pennantiaceae,Pennantia corymbosa
SALZ,Core Eudicots/Asterids,Apiales,Pittosporaceae,Pittosporum resiniferum
NTEO,Core Eudicots/Asterids,Apiales,Pittosporaceae,Pittosporum sahnianum
SXML,Core Eudicots/Asterids,Aquifoliales,Aquifoliaceae,Ilex paraguariensis
ASMV,Core Eudicots/Asterids,Aquifoliales,Aquifoliaceae,Ilex vomitoria
QACK,Core Eudicots/Asterids,Aquifoliales,Helwingiaceae,Helwingia japonica
GIOY,Core Eudicots/Asterids,Asterales,Argophyllaceae,Corokia cotoneaster
GUMF,Core Eudicots/Asterids,Asterales,Asteraceae,Anthemis tinctoria
XRCX,Core Eudicots/Asterids,Asterales,Asteraceae,Aster tataricus
CFRN,Core Eudicots/Asterids,Asterales,Asteraceae,Carthamus lanatus
JNKW,Core Eudicots/Asterids,Asterales,Asteraceae,Cicerbita plumieri
MHYG,Core Eudicots/Asterids,Asterales,Asteraceae,Conyza canadensis
DESP,Core Eudicots/Asterids,Asterales,Asteraceae,Erigeron canadensis
YRBQ,Core Eudicots/Asterids,Asterales,Asteraceae,Flaveria angustifolia
DUNJ,Core Eudicots/Asterids,Asterales,Asteraceae,Helenium autumnale
AFQQ,Core Eudicots/Asterids,Asterales,Asteraceae,Inula helenium
RFSD,Core Eudicots/Asterids,Asterales,Asteraceae,Lactuca graminifolia
DOVJ,Core Eudicots/Asterids,Asterales,Asteraceae,Leontopodium alpinum
OAGK,Core Eudicots/Asterids,Asterales,Asteraceae,Matricaria matricarioides
BMSE,Core Eudicots/Asterids,Asterales,Asteraceae,Senecio rowleyanus
EYKJ,Core Eudicots/Asterids,Asterales,Asteraceae,Silybum marianum
TEZA,Core Eudicots/Asterids,Asterales,Asteraceae,Solidago canadensis
DUQG,Core Eudicots/Asterids,Asterales,Asteraceae,Tanacetum parthenium
FUPX,Core Eudicots/Asterids,Asterales,Asteraceae,Tragopogon pratensis
UBLN,Core Eudicots/Asterids,Asterales,Asteraceae,Xanthium strumarium
IZLO,Core Eudicots/Asterids,Asterales,Campanulaceae,Lobelia siphilitica
IHPC,Core Eudicots/Asterids,Asterales,Campanulaceae,Platycodon grandiflorus
HUQC,Core Eudicots/Asterids,Asterales,Goodeniaceae,Scaevola mossambicensis
IXVJ,Core Eudicots/Asterids,Asterales,Menyanthaceae,Menyanthes trifoliata
AUIP,Core Eudicots/Asterids,Asterales,Phellinaceae,Phelline lucida
FXGI,Core Eudicots/Asterids,Asterales,Stylidiaceae,Stylidium adnatum
EMAL,Core Eudicots/Asterids,Boraginales,Boraginaceae,Ehretia acuminata
XVRU,Core Eudicots/Asterids,Boraginales,Boraginaceae,Heliotropium calcicola
SMUR,Core Eudicots/Asterids,Boraginales,Boraginaceae,Lennoa madreporoides
DKFZ,Core Eudicots/Asterids,Boraginales,Boraginaceae,Mertensia paniculata
YQIJ,Core Eudicots/Asterids,Boraginales,Boraginaceae,Phacelia campanularia
HANM,Core Eudicots/Asterids,Boraginales,Boraginaceae,Pholisma arenarium
FWBF,Core Eudicots/Asterids,Cornales,Alangiaceae,Alangium chinense
BFJL,Core Eudicots/Asterids,Cornales,Cornaceae,Cornus florida
UZNH,Core Eudicots/Asterids,Cornales,Curtisiaceae,Curtisia dentata
OTAN,Core Eudicots/Asterids,Cornales,Hydrangeaceae,Deutzia scabra
QURC,Core Eudicots/Asterids,Cornales,Hydrangeaceae,Dichroa febrifuga
ZETY,Core Eudicots/Asterids,Cornales,Hydrangeaceae,Hydrangea quercifolia
BTZX,Core Eudicots/Asterids,Cornales,Hydrangeaceae,Philadelphus inodorus
VTLJ,Core Eudicots/Asterids,Cornales,Loasaceae,Caiophora chuquitensis
XONJ,Core Eudicots/Asterids,Cornales,Nyssaceae,Camptotheca acuminata
VUSY,Core Eudicots/Asterids,Cornales,Nyssaceae,Nyssa ogeche
ZJRC,Core Eudicots/Asterids,Dipsacales,Adoxaceae,Sambucus canadensis
HLJG,Core Eudicots/Asterids,Dipsacales,Adoxaceae,Viburnum odoratissimum
GSZA,Core Eudicots/Asterids,Dipsacales,Caprifoliaceae,Lonicera japonica
CAQZ,Core Eudicots/Asterids,Dipsacales,Caprifoliaceae,Symphoricarpos sp.
FFFY,Core Eudicots/Asterids,Dipsacales,Valerianaceae,Valeriana officinalis
JTRM,Core Eudicots/Asterids,Dispsacales,Dipsacaceae,Dipsacus asper
QAUE,Core Eudicots/Asterids,Ericales,Actinidiaceae,Actinidia chinensis
JEXA,Core Eudicots/Asterids,Ericales,Balsaminaceae,Impatiens balsamifera
YZGX,Core Eudicots/Asterids,Ericales,Cyrillaceae,Cyrilla racemiflora
PIYM,Core Eudicots/Asterids,Ericales,Diapensiaceae,Galax urceolata
KVFU,Core Eudicots/Asterids,Ericales,Ebenaceae,Diospyros malabarica
AVJK,Core Eudicots/Asterids,Ericales,Ericaceae,Cavendishia cuatrecasasii
WXVX,Core Eudicots/Asterids,Ericales,Ericaceae,Ledum palustre
LRTN,Core Eudicots/Asterids,Ericales,Ericaceae,Monotropa uniflora
PPPZ,Core Eudicots/Asterids,Ericales,Ericaceae,Rhododendron scopulorum
SERM,Core Eudicots/Asterids,Ericales,Ericaceae,Sarcodes sanguinea
YSRZ,Core Eudicots/Asterids,Ericales,Fouquieriaceae,Fouquieria macdougalii
VKJD,Core Eudicots/Asterids,Ericales,Maesaceae,Maesa lanceolata
BNTL,Core Eudicots/Asterids,Ericales,Marcgraviaceae,Souroubea exauriculata
ODDO,Core Eudicots/Asterids,Ericales,Myrsinaceae,Ardisia humilis
DAAD,Core Eudicots/Asterids,Ericales,Myrsinaceae,Ardisia revoluta
NGRR,Core Eudicots/Asterids,Ericales,Pentaphylacaceae,Ternstroemia gymnanthera
FNEN,Core Eudicots/Asterids,Ericales,Polemoniaceae,Phlox sp.
HUSX,Core Eudicots/Asterids,Ericales,Roridulaceae,Roridula gorgonias
BEFC,Core Eudicots/Asterids,Ericales,Sapotaceae,Manilkara zapota
OXYP,Core Eudicots/Asterids,Ericales,Sapotaceae,Sideroxylon reclinatum
WRPP,Core Eudicots/Asterids,Ericales,Sapotaceae,Synsepalum dulcificum
AXBO,Core Eudicots/Asterids,Ericales,Styracaceae,Sinojackia xylocarpa
JPDJ,Core Eudicots/Asterids,Ericales,Symplocaceae,Symplocos tinctoria
PTFA,Core Eudicots/Asterids,Ericales,Theophrastaceae,Jacquinia sp.
CLMX,Core Eudicots/Asterids,Escalloniales,Escalloniaceae,Escallonia rubra
TPEM,Core Eudicots/Asterids,Escalloniales,Escalloniaceae,Platyspermation crassifolium
SZUO,Core Eudicots/Asterids,Garryales,Eucommiaceae,Eucommia ulmoides
GIPR,Core Eudicots/Asterids,Garryales,Garryaceae,Aucuba japonica
MGVU,Core Eudicots/Asterids,Gentianales,Apocynaceae,Allamanda cathartica
YFQX,Core Eudicots/Asterids,Gentianales,Apocynaceae,Apocynum androsaemifolium
DSUV,Core Eudicots/Asterids,Gentianales,Apocynaceae,Asclepias curassavica
UOYN,Core Eudicots/Asterids,Gentianales,Apocynaceae,Catharanthus roseus
JGYZ,Core Eudicots/Asterids,Gentianales,Apocynaceae,Holarrhena pubescens
QEHE,Core Eudicots/Asterids,Gentianales,Apocynaceae,Rauvolfia tetraphylla
EDEQ,Core Eudicots/Asterids,Gentianales,Apocynaceae,Wrightia natalensis
HGSM,Core Eudicots/Asterids,Gentianales,Gelsemiaceae,Gelsemium sempervirens
KPUM,Core Eudicots/Asterids,Gentianales,Gentianaceae,Exacum affine
ECTD,Core Eudicots/Asterids,Gentianales,Gentianaceae,Gentiana acaulis
GGJD,Core Eudicots/Asterids,Gentianales,Loganiaceae,Strychnos spinosa
WQRD,Core Eudicots/Asterids,Gentianales,Rubiaceae,Galium boreale
ULGV,Core Eudicots/Asterids,Gentianales,Rubiaceae,Morinda citrifolia
ZSGF,Core Eudicots/Asterids,Gentianales,Rubiaceae,Psychotria ipecacuanha
PCNH,Core Eudicots/Asterids,Gentianales,Rubiaceae,Psychotria marginata
QZZU,Core Eudicots/Asterids,Icacinales,Icacinaceae,Pyrenacantha malvifolia
PVGM,Core Eudicots/Asterids,Icacinales,Oncothecaceae,Oncotheca balansae
PCGJ,Core Eudicots/Asterids,Lamiales,Acanthaceae,Anisacanthus quadrifidus
AYIY,Core Eudicots/Asterids,Lamiales,Acanthaceae,Ruellia brittoniana
NBMW,Core Eudicots/Asterids,Lamiales,Acanthaceae,Sanchezia sp.
WEAC,Core Eudicots/Asterids,Lamiales,Acanthaceae,Strobilanthes dyeriana
XAYK,Core Eudicots/Asterids,Lamiales,Bignoniaceae,Kigelia africana
TKEK,Core Eudicots/Asterids,Lamiales,Bignoniaceae,Mansoa alliacea
UTQR,Core Eudicots/Asterids,Lamiales,Bignoniaceae,Tabebuia umbellata
GDZS,Core Eudicots/Asterids,Lamiales,Byblidaceae,Byblis gigantea
DCCI,Core Eudicots/Asterids,Lamiales,Calceolariaceae,Calceolaria pinifolia
RWKR,Core Eudicots/Asterids,Lamiales,Gesneriaceae,Saintpaulia ionantha
DTNC,Core Eudicots/Asterids,Lamiales,Gesneriaceae,Sinningia tuberosa
PUCW,Core Eudicots/Asterids,Lamiales,Lamiaceae,Agastache rugosa
UCNM,Core Eudicots/Asterids,Lamiales,Lamiaceae,Ajuga reptans
FYUH,Core Eudicots/Asterids,Lamiales,Lamiaceae,Lavandula angustifolia
SNNC,Core Eudicots/Asterids,Lamiales,Lamiaceae,Leonurus japonicus
EAAA,Core Eudicots/Asterids,Lamiales,Lamiaceae,Marrubium vulgare
TAGM,Core Eudicots/Asterids,Lamiales,Lamiaceae,Melissa officinalis
WHNV,Core Eudicots/Asterids,Lamiales,Lamiaceae,Micromeria fruticosa
FUMQ,Core Eudicots/Asterids,Lamiales,Lamiaceae,Nepeta cataria
RTNA,Core Eudicots/Asterids,Lamiales,Lamiaceae,Oxera pulchella
GETL,Core Eudicots/Asterids,Lamiales,Lamiaceae,Pogostemon sp.
XMBA,Core Eudicots/Asterids,Lamiales,Lamiaceae,Poliomintha bustamanta
PHCE,Core Eudicots/Asterids,Lamiales,Lamiaceae,Prunella vulgaris
DYFF,Core Eudicots/Asterids,Lamiales,Lamiaceae,Pycnanthemum tenuifolium
FDMM,Core Eudicots/Asterids,Lamiales,Lamiaceae,Rosmarinus officinalis
ATYL,Core Eudicots/Asterids,Lamiales,Lamiaceae,Scutellaria montana
BAHE,Core Eudicots/Asterids,Lamiales,Lamiaceae,Solenostemon scutellarioides
LRRR,Core Eudicots/Asterids,Lamiales,Lamiaceae,Teucrium chamaedrys
IYDF,Core Eudicots/Asterids,Lamiales,Lamiaceae,Thymus vulgaris
DMLT,Core Eudicots/Asterids,Lamiales,Lamiaceae,Vitex agnus-castus
MXFG,Core Eudicots/Asterids,Lamiales,Lentibulariaceae,Pinguicula agnata
HRUR,Core Eudicots/Asterids,Lamiales,Lentibulariaceae,Utricularia sp.
KTAR,Core Eudicots/Asterids,Lamiales,Oleaceae,Chionanthus retusus
UEEN,Core Eudicots/Asterids,Lamiales,Oleaceae,Forestiera segregata
MZLD,Core Eudicots/Asterids,Lamiales,Oleaceae,Ligustrum sinense
TORX,Core Eudicots/Asterids,Lamiales,Oleaceae,Olea europaea
FAMO,Core Eudicots/Asterids,Lamiales,Orobanchaceae,Conopholis americana
FROP,Core Eudicots/Asterids,Lamiales,Orobanchaceae,Epifagus virginiana
EJCM,Core Eudicots/Asterids,Lamiales,Orobanchaceae,Lindenbergia philippensis
VYDM,Core Eudicots/Asterids,Lamiales,Orobanchaceae,Orobanche fasciculata
UMUL,Core Eudicots/Asterids,Lamiales,Paulowniaceae,Paulownia fargesii
ZRIN,Core Eudicots/Asterids,Lamiales,Pedaliaceae,Uncarina grandidieri
XISJ,Core Eudicots/Asterids,Lamiales,Plantaginaceae,Antirrhinum majus
CLRW,Core Eudicots/Asterids,Lamiales,Plantaginaceae,Bacopa caroliniana
GNRI,Core Eudicots/Asterids,Lamiales,Plantaginaceae,Digitalis purpurea
DCVZ,Core Eudicots/Asterids,Lamiales,Plantaginaceae,Plantago coronopus
YKZB,Core Eudicots/Asterids,Lamiales,Plantaginaceae,Plantago maritima
OWAS,Core Eudicots/Asterids,Lamiales,Rehmnniaceae,Rehmannia glutinosa
WOHL,Core Eudicots/Asterids,Lamiales,Schlegeliaceae,Schlegelia parasitica
EJBY,Core Eudicots/Asterids,Lamiales,Scrophulariaceae,Anticharis glandulosa
XRLM,Core Eudicots/Asterids,Lamiales,Scrophulariaceae,Buddleja lindleyana
GRFT,Core Eudicots/Asterids,Lamiales,Scrophulariaceae,Buddleja sp.
SIBR,Core Eudicots/Asterids,Lamiales,Scrophulariaceae,Celsia arcturus
XXYA,Core Eudicots/Asterids,Lamiales,Scrophulariaceae,Verbascum sp.
COBX,Core Eudicots/Asterids,Lamiales,Tetrachondraceae,Polypremum procumbens
PSHB,Core Eudicots/Asterids,Lamiales,Verbenaceae,Lantana camara
MQIV,Core Eudicots/Asterids,Lamiales,Verbenaceae,Phyla dulcis
GCFE,Core Eudicots/Asterids,Lamiales,Verbenaceae,Verbena hastata
CPOC,Core Eudicots/Asterids,Solanales,Convolvulaceae,Convolvulus arvensis
AHRN,Core Eudicots/Asterids,Solanales,Convolvulaceae,Cuscuta pentagona
XQRV,Core Eudicots/Asterids,Solanales,Convolvulaceae,Ipomoea purpurea
KTWL,Core Eudicots/Asterids,Solanales,Montiniaceae,Kaliphora madagascariensis
BOLZ,Core Eudicots/Asterids,Solanales,Solanaceae,Atropa belladonna
AIOU,Core Eudicots/Asterids,Solanales,Solanaceae,Brugmansia sanguinea
JNVS,Core Eudicots/Asterids,Solanales,Solanaceae,Datura metel
LWCK,Core Eudicots/Asterids,Solanales,Solanaceae,Lycium barbarum
OSMU,Core Eudicots/Asterids,Solanales,Solanaceae,Lycium sp.
UGJI,Core Eudicots/Asterids,Solanales,Solanaceae,Lycopersicon cheesmanii
MKZR,Core Eudicots/Asterids,Solanales,Solanaceae,Nicotiana sylvestris
GHLP,Core Eudicots/Asterids,Solanales,Solanaceae,Solanum dulcamara
DLJZ,Core Eudicots/Asterids,Solanales,Solanaceae,Solanum ptychanthum
NMDZ,Core Eudicots/Asterids,Solanales,Solanaceae,Solanum sisymbriifolium
HYZL,Core Eudicots/Rosids,Brassicales,Akaniaceae,Akania lucens
DZTK,Core Eudicots/Rosids,Brassicales,Bataceae,Batis maritima
TZWR,Core Eudicots/Rosids,Brassicales,Brassicaceae,Arabis alpina
IPWB,Core Eudicots/Rosids,Brassicales,Brassicaceae,Brassica nigra
CSUV,Core Eudicots/Rosids,Brassicales,Brassicaceae,Cochlearia officinalis
HABV,Core Eudicots/Rosids,Brassicales,Brassicaceae,Draba aizoides
VMNH,Core Eudicots/Rosids,Brassicales,Brassicaceae,Sinapis alba
LVUS,Core Eudicots/Rosids,Brassicales,Cleomaceae,Cleome violacea
QSKP,Core Eudicots/Rosids,Brassicales,Cleomaceae,Polanisia trachysperma
JOIS,Core Eudicots/Rosids,Brassicales,Koeberliniaceae,Koeberlinia spinosa
CRNC,Core Eudicots/Rosids,Brassicales,Limnanthaceae,Limnanthes douglasii
CZPV,Core Eudicots/Rosids,Brassicales,Moringaceae,Moringa oleifera
SWPE,Core Eudicots/Rosids,Brassicales,Resedaceae,Reseda odorata
RTTY,Core Eudicots/Rosids,Brassicales,Salvadoraceae,Salvadora sp.
MYZV,Core Eudicots/Rosids,Brassicales,Tropaeolaceae,Tropaeolum peregrinum
IHCQ,Core Eudicots/Rosids,Celastrales,Celastraceae,Crossopetalum rhacoma
MFEA,Core Eudicots/Rosids,Celastrales,Celastraceae,Stackhousia spathulata
VYGG,Core Eudicots/Rosids,Crossosomatales,Stachyuraceae,Stachyurus praecox
PTLU,Core Eudicots/Rosids,Crossosomatales,Staphyleaceae,Staphylea trifolia
NJJO,Core Eudicots/Rosids,Cucurbitales,Apodanthaceae,Pilostyles thurberi
OCTM,Core Eudicots/Rosids,Cucurbitales,Begoniaceae,Begonia sp.
NNGU,Core Eudicots/Rosids,Cucurbitales,Coriariaceae,Coriaria nepalensis
AXAF,Core Eudicots/Rosids,Cucurbitales,Cucurbitaceae,Thladiantha villosula
PJSX,Core Eudicots/Rosids,Fabales,Fabaceae,Acacia pycnantha
NXOH,Core Eudicots/Rosids,Fabales,Fabaceae,Apios americana
HJMP,Core Eudicots/Rosids,Fabales,Fabaceae,Astragalus membranaceus
MYMP,Core Eudicots/Rosids,Fabales,Fabaceae,Astragalus propinquus
JETM,Core Eudicots/Rosids,Fabales,Fabaceae,Bauhinia tomentosa
TVSH,Core Eudicots/Rosids,Fabales,Fabaceae,Bituminaria bituminosa
RKFX,Core Eudicots/Rosids,Fabales,Fabaceae,Cercis canadensis
SLYR,Core Eudicots/Rosids,Fabales,Fabaceae,Cladrastis lutea
SUAK,Core Eudicots/Rosids,Fabales,Fabaceae,Codariocalyx motorius
RKLL,Core Eudicots/Rosids,Fabales,Fabaceae,Copaifera officinalis
XOOE,Core Eudicots/Rosids,Fabales,Fabaceae,Desmanthus illinoensis
GEHT,Core Eudicots/Rosids,Fabales,Fabaceae,Gleditsia triacanthos
KEGA,Core Eudicots/Rosids,Fabales,Fabaceae,Glycine soja
PEZP,Core Eudicots/Rosids,Fabales,Fabaceae,Glycyrrhiza glabra
VLNB,Core Eudicots/Rosids,Fabales,Fabaceae,Gompholobium polymorphum
QZXQ,Core Eudicots/Rosids,Fabales,Fabaceae,Gymnocladus dioicus
KNMB,Core Eudicots/Rosids,Fabales,Fabaceae,Lathyrus sativus
TTRG,Core Eudicots/Rosids,Fabales,Fabaceae,Lupinus angustifolius
CMFF,Core Eudicots/Rosids,Fabales,Fabaceae,Lupinus polyphyllus
KZED,Core Eudicots/Rosids,Fabales,Fabaceae,Senna hebecarpa
RMWJ,Core Eudicots/Rosids,Fabales,Fabaceae,Wisteria floribunda
ZSSR,Core Eudicots/Rosids,Fabales,Fabaceae,Xanthocercis zambesiaca
OHAE,Core Eudicots/Rosids,Fabales,Polygalaceae,Polygala lutea
OQHZ,Core Eudicots/Rosids,Fabales,Quillajaceae,Quillaja saponaria
LWDA,Core Eudicots/Rosids,Fagales,Betulaceae,Alnus serrulata
CWZU,Core Eudicots/Rosids,Fagales,Betulaceae,Betula pendula
LNER,Core Eudicots/Rosids,Fagales,Casuarinaceae,Casuarina equisetifolia
UZWG,Core Eudicots/Rosids,Fagales,Fagaceae,Castanea pumila
SVVG,Core Eudicots/Rosids,Fagales,Fagaceae,Fagus sylvatica
HENI,Core Eudicots/Rosids,Fagales,Fagaceae,Quercus shumardii
VWIP,Core Eudicots/Rosids,Fagales,Juglandaceae,Carya glabra
DXQW,Core Eudicots/Rosids,Fagales,Juglandaceae,Juglans nigra
INSP,Core Eudicots/Rosids,Fagales,Myricaceae,Myrica cerifera
TJLC,Core Eudicots/Rosids,Fagales,Nothofagaceae,Nothofagus obliqua
YGCX,Core Eudicots/Rosids,Geraniales,Geraniaceae,Geranium maculatum
HDWF,Core Eudicots/Rosids,Geraniales,Melianthaceae,Francoa appendiculata
FONV,Core Eudicots/Rosids,Geraniales,Melianthaceae,Greyia sutherlandii
WWKL,Core Eudicots/Rosids,Huerteales,Tapisciaceae,Tapiscia sinensis
NFXV,Core Eudicots/Rosids,Malpighiales,Calophyllaceae,Mammea americana
ZBVT,Core Eudicots/Rosids,Malpighiales,Chrysobalanaceae,Chrysobalanus icaco
HBUQ,Core Eudicots/Rosids,Malpighiales,Chrysobalanaceae,Licania michauxii
OSIP,Core Eudicots/Rosids,Malpighiales,Clusiaceae,Garcinia livingstonei
FWCQ,Core Eudicots/Rosids,Malpighiales,Clusiaceae,Garcinia oblongifolia
RPPC,Core Eudicots/Rosids,Malpighiales,Erythroyxlaceae,Erythroxylum coca
VVPY,Core Eudicots/Rosids,Malpighiales,Euphorbiaceae,Croton tiglium
RHAU,Core Eudicots/Rosids,Malpighiales,Euphorbiaceae,Euphorbia mesembryanthemifolia
XNLP,Core Eudicots/Rosids,Malpighiales,Euphorbiaceae,Manihot grahamii
PAZJ,Core Eudicots/Rosids,Malpighiales,Euphorbiaceae,Ricinus communis
BNDE,Core Eudicots/Rosids,Malpighiales,Hypericaceae,Hypericum perforatum
POZS,Core Eudicots/Rosids,Malpighiales,Linaceae,Linum usitatissimum
COAQ,Core Eudicots/Rosids,Malpighiales,Malesherbiaceae,Malesherbia fasciculata
XPBC,Core Eudicots/Rosids,Malpighiales,Malpighiaceae,Galphimia gracilis
TVCU,Core Eudicots/Rosids,Malpighiales,Ochnaceae,Ochna mossambicensis
CKDK,Core Eudicots/Rosids,Malpighiales,Ochnaceae,Ochna serrulata
SIZE,Core Eudicots/Rosids,Malpighiales,Passifloraceae,Passiflora caerulea
EZZT,Core Eudicots/Rosids,Malpighiales,Passifloraceae,Passiflora edulis
VNMY,Core Eudicots/Rosids,Malpighiales,Phyllanthaceae,Bischofia javanica
YGAT,Core Eudicots/Rosids,Malpighiales,Phyllanthaceae,Phyllanthus sp.
RVGH,Core Eudicots/Rosids,Malpighiales,Putranjivaceae,Drypetes deplanchei
ZTLR,Core Eudicots/Rosids,Malpighiales,Rhizophoraceae,Rhizophora mangle
INQX,Core Eudicots/Rosids,Malpighiales,Salicaceae,Salix acutifolia
IEPQ,Core Eudicots/Rosids,Malpighiales,Salicaceae,Salix dasyclados
NJLF,Core Eudicots/Rosids,Malpighiales,Violaceae,Viola canadensis
LPGY,Core Eudicots/Rosids,Malpighiales,Violaceae,Viola tricolor
KPTE,Core Eudicots/Rosids,Malvales,Bixaceae,Bixa orellana
PKMO,Core Eudicots/Rosids,Malvales,Cistaceae,Cistus inflatus
WYIG,Core Eudicots/Rosids,Malvales,Malvaceae,Dombeya burgessiae
OLXF,Core Eudicots/Rosids,Malvales,Malvaceae,Hibiscus cannabinus
ZSAB,Core Eudicots/Rosids,Malvales,Malvaceae,Hoheria angustifolia
ATFX,Core Eudicots/Rosids,Malvales,Muntingiaceae,Muntingia calabura
WMUK,Core Eudicots/Rosids,Malvales,Sarcolaenaceae,Schizolaena sp.
PUDI,Core Eudicots/Rosids,Malvales,Thymelaeaceae,Daphne giraldii
AWJM,Core Eudicots/Rosids,Malvales,Thymelaeaceae,Edgeworthia papyrifera
QJXB,Core Eudicots/Rosids,Malvales,Thymelaeaceae,Wikstroemia indica
AJJE,Core Eudicots/Rosids,Myrtales,Combretaceae,Terminalia neotaliala
UAXP,Core Eudicots/Rosids,Myrtales,Gyrostemonaceae,Gyrostemon ramulosus
NIJU,Core Eudicots/Rosids,Myrtales,Heteropyxidaceae,Heteropyxis natalensis
RJNQ,Core Eudicots/Rosids,Myrtales,Lythraceae,Lagerstroemia indica
YNUE,Core Eudicots/Rosids,Myrtales,Lythraceae,Punica granatum
WWQZ,Core Eudicots/Rosids,Myrtales,Melastomataceae,Medinilla magnifica
SWGX,Core Eudicots/Rosids,Myrtales,Melastomataceae,Tetrazygia bicolor
AYMT,Core Eudicots/Rosids,Myrtales,Myrtaceae,Eucalyptus leucoxylon
JLLY,Core Eudicots/Rosids,Myrtales,Myrtaceae,Melaleuca quinquenervia
FGDU,Core Eudicots/Rosids,Myrtales,Myrtaceae,Syzygium paniculatum
FEDW,Core Eudicots/Rosids,Myrtales,Onagraceae,Epilobium sp.
BZDF,Core Eudicots/Rosids,Myrtales,Onagraceae,Oenothera biennis
YZVJ,Core Eudicots/Rosids,Oxalidales,Cephalotaceae,Cephalotus follicularis
TIUZ,Core Eudicots/Rosids,Oxalidales,Cunoniaceae,Cunonia capensis
THHD,Core Eudicots/Rosids,Oxalidales,Elaeocarpaceae,Elaeocarpus sylvestris
JHCN,Core Eudicots/Rosids,Oxalidales,Oxalidaceae,Oxalis sp.
BJSW,Core Eudicots/Rosids,Rosales,Cannabaceae,Cannabis sativa
KYAD,Core Eudicots/Rosids,Rosales,Cannabaceae,Celtis occidentalis
AQGE,Core Eudicots/Rosids,Rosales,Cannabaceae,Humulus lupulus
RBYC,Core Eudicots/Rosids,Rosales,Elaeagnaceae,Elaeagnus pungens
EDHN,Core Eudicots/Rosids,Rosales,Moraceae,Ficus religiosa
XVJB,Core Eudicots/Rosids,Rosales,Moraceae,Morus nigra
WVEF,Core Eudicots/Rosids,Rosales,Rhamnaceae,Rhamnus caroliniana
ZHEE,Core Eudicots/Rosids,Rosales,Rhamnaceae,Ziziphus jujuba
EAVM,Core Eudicots/Rosids,Rosales,Rosaceae,Amelanchier canadensis
ZPKK,Core Eudicots/Rosids,Rosales,Rosaceae,Aruncus dioicus
XFFT,Core Eudicots/Rosids,Rosales,Rosaceae,Cercocarpus ledifolius
QIEH,Core Eudicots/Rosids,Rosales,Rosaceae,Cotoneaster transcaucasicus
SQCF,Core Eudicots/Rosids,Rosales,Rosaceae,Dryas octopetala
DHAW,Core Eudicots/Rosids,Rosales,Rosaceae,Geum quellyon
TJQY,Core Eudicots/Rosids,Rosales,Rosaceae,Kerria japonica
VCIN,Core Eudicots/Rosids,Rosales,Rosaceae,Malus baccata var. jackii
SXCE,Core Eudicots/Rosids,Rosales,Rosaceae,Physocarpus opulifolius
NCVK,Core Eudicots/Rosids,Rosales,Rosaceae,Prunus prostrata
IANR,Core Eudicots/Rosids,Rosales,Rosaceae,Rosa palustris
QNOC,Core Eudicots/Rosids,Rosales,Rosaceae,Sanguisorba minor
BLVL,Core Eudicots/Rosids,Rosales,Rosaceae,Sorbus koehneana
CQMG,Core Eudicots/Rosids,Rosales,Ulmaceae,Ulmus alata alata
ACFP,Core Eudicots/Rosids,Rosales,Urticaceae,Boehmeria nivea
WKCY,Core Eudicots/Rosids,Rosales,Urticaceae,Urtica dioica
WAXR,Core Eudicots/Rosids,Sapindales,Anacardiaceae,Litchi chinensis
YUOM,Core Eudicots/Rosids,Sapindales,Anacardiaceae,Rhus radicans
FCCA,Core Eudicots/Rosids,Sapindales,Burseraceae,Boswellia sacra
JSZD,Core Eudicots/Rosids,Sapindales,Burseraceae,Bursera simaruba
BCAA,Core Eudicots/Rosids,Sapindales,Kirkiaceae,Kirkia wilmsii
UVDC,Core Eudicots/Rosids,Sapindales,Meliaceae,Azadirachta indica
RJIM,Core Eudicots/Rosids,Sapindales,Meliaceae,Melia azedarach
OBTI,Core Eudicots/Rosids,Sapindales,Nitrariaceae,Peganum harmala
UHJR,Core Eudicots/Rosids,Sapindales,Rutaceae,Citrus x paradisi
PGKL,Core Eudicots/Rosids,Sapindales,Rutaceae,Phellodendron amurense
VFFP,Core Eudicots/Rosids,Sapindales,Sapindaceae,Acer negundo
HBHB,Core Eudicots/Rosids,Sapindales,Sapindaceae,Aesculus pavia
QICX,Core Eudicots/Rosids,Sapindales,Simaroubaceae,Ailanthus altissima
IKFD,Core Eudicots/Rosids,Sapindales,Simaroubaceae,Quassia amara
BGZG,Core Eudicots/Rosids,Vitales,Vitaceae,Cissus quadrangularis
BBBA,Core Eudicots/Rosids,Vitales,Vitaceae,Tetrastigma obtectum
SZPD,Core Eudicots/Rosids,Vitales,Vitaceae,Tetrastigma voinierianum
ZHMB,Core Eudicots/Rosids,Zygophyllales,Krameriaceae,Krameria lanceolata
UDUT,Core Eudicots/Rosids,Zygophyllales,Zygophyllaceae,Larrea tridentata
KVAY,Core Eudicots/Rosids,Zygophyllales,Zygophyllaceae,Tribulus eichlerianus
SJEV,Magnoliids,Canellales,Canellaceae,Canella winterana
WKSU,Magnoliids,Canellales,Winteraceae,Drimys winteri
WAIL,Magnoliids,Laurales,Atherospermataceae,Laurelia sempervirens
FALI,Magnoliids,Laurales,Calycanthaceae,Calycanthus floridus
WPHN,Magnoliids,Laurales,Calycanthaceae,Idiospermum australiense
MAQO,Magnoliids,Laurales,Gomortegaceae,Gomortega keule
BSVG,Magnoliids,Laurales,Hernandiaceae,Gyrocarpus americanus
VYLQ,Magnoliids,Laurales,Lauraceae,Cassytha filiformis
BCGB,Magnoliids,Laurales,Lauraceae,Cinnamomum camphora
KAYP,Magnoliids,Laurales,Lauraceae,Lindera benzoin
WIGA,Magnoliids,Laurales,Lauraceae,Persea borbonia
ABSS,Magnoliids,Laurales,Lauraceae,Sassafras albidum
KRJP,Magnoliids,Laurales,Monimiaceae,Peumus boldus
YZRI,Magnoliids,Magnoliales,Annonaceae,Annona muricata
PSJT,Magnoliids,Magnoliales,Annonaceae,Uvaria microcarpa
DHPO,Magnoliids,Magnoliales,Eupomatiaceae,Eupomatia bennettii
WBOD,Magnoliids,Magnoliales,Magnoliaceae,Magnolia grandiflora
XQWC,Magnoliids,Magnoliales,Magnoliaceae,Michelia maudiae
OBPL,Magnoliids,Magnoliales,Myristicaceae,Myristica fragrans
PAWA,Magnoliids,Piperales,Aristolochiaceae,Aristolochia elegans
QDVW,Magnoliids,Piperales,Aristolochiaceae,Saruma henryi
XSZI,Magnoliids,Piperales,Piperaceae,Peperomia fraseri
MUNP,Magnoliids,Piperales,Piperaceae,Piper auritum
CSSK,Magnoliids,Piperales,Saururaceae,Houttuynia cordata
OPDF,Magnoliids,Piperales,Saururaceae,Saururus cernuus
MTII,Monocots,Acorales,Acoraceae,Acorus americanus
DWZT,Monocots,Alismatales,Alismataceae,Sagittaria latifolia
MFIN,Monocots,Alismatales,Araceae,Pistia stratiotes
COCP,Monocots,Alismatales,Juncaginaceae,Triglochin maritima
BYQM,Monocots,Alismatales,Posidoniaceae,Posidonia australis
PRFO,Monocots,Asparagales,Agapanthaceae,Agapanthus africanus
KXSK,Monocots,Asparagales,Agavaceae,Agave tequilana
PLBZ,Monocots,Asparagales,Agavaceae,Chlorogalum pomeridianum
CMCY,Monocots,Asparagales,Agavaceae,Hesperaloe parviflora
YBML,Monocots,Asparagales,Agavaceae,Yucca brevifolia
ICNN,Monocots,Asparagales,Agavaceae,Yucca filamentosa
KBXS,Monocots,Asparagales,Alliaceae,Allium commutatum
GJPF,Monocots,Asparagales,Alliaceae,Allium sativum
LDME,Monocots,Asparagales,Amaryllidaceae,Amaryllis belladonna
TRRQ,Monocots,Asparagales,Amaryllidaceae,Narcissus viridiflorus
DMIN,Monocots,Asparagales,Amaryllidaceae,Phycella aff. cyrtanthoides
JDTY,Monocots,Asparagales,Amaryllidaceae,Rhodophiala pratensis
ZKPF,Monocots,Asparagales,Amaryllidaceae,Traubia modesta
DPFW,Monocots,Asparagales,Amaryllidaceae,Zephyranthes treatiae
FGRF,Monocots,Asparagales,Asparagaceae,Asparagus densiflorus
UZXL,Monocots,Asparagales,Asparagaceae,Disporopsis pernyi
XFJG,Monocots,Asparagales,Asparagaceae,Maianthemum canadense
JVBR,Monocots,Asparagales,Asphodelaceae,Aloe vera
EMJJ,Monocots,Asparagales,Boryaceae,Borya sphaerocephala
BLAJ,Monocots,Asparagales,Hemerocallidaceae,Hemerocallis
FCEL,Monocots,Asparagales,Hemerocallidaceae,Phormium tenax
SVTS,Monocots,Asparagales,Hyacinthaceae,Drimia altissima
KOFB,Monocots,Asparagales,Hyacinthaceae,Urginea maritima
YJUG,Monocots,Asparagales,Hypoxidaceae,Curculigo sp.
LTZF,Monocots,Asparagales,Iridaceae,Sisyrinchium angustifolium
MUMD,Monocots,Asparagales,Laxmanniaceae,Lomandra longifolia
XZME,Monocots,Asparagales,Orchidaceae,Drakaea elastica
VTUS,Monocots,Asparagales,Orchidaceae,Goodyera pubescens
LELS,Monocots,Asparagales,Orchidaceae,Haemaria discolor
JSAG,Monocots,Asparagales,Orchidaceae,Masdevallia yuangensis
CNTZ,Monocots,Asparagales,Orchidaceae,Oncidium sphacelatum
MTHW,Monocots,Asparagales,Orchidaceae,Platanthera clavellata
THDM,Monocots,Asparagales,Orchidaceae,Vanilla planifolia
ONBE,Monocots,Asparagales,Ruscaceae,Eriospermum lancifolia
HOKG,Monocots,Asparagales,Ruscaceae,Nolina atopocarpa
RQZP,Monocots,Asparagales,Ruscaceae,Nolina bigelovii
TCYS,Monocots,Asparagales,Ruscaceae,Peliosanthes minor
LSJW,Monocots,Asparagales,Ruscaceae,Ruscus sp.
MVRF,Monocots,Asparagales,Ruscaceae,Sansevieria trifasciata
RDYY,Monocots,Asparagales,Tecophilaeaceae,Cyanastrum cordifolium
KYNE,Monocots,Asparagales,Tecophilaeaceae,Cyanella orchidiformis
IXEM,Monocots,Asparagales,Themidaceae,Brodiaea sierrae
WTDE,Monocots,Asparagales,Xanthorrhoeaceae,Johnsonia pubescens
SART,Monocots,Asparagales,Xeronemataceae,Xeronema callistemon
OCWZ,Monocots,Dioscoreales,Dioscoreaceae,Dioscorea villosa
QNPH,Monocots,Liliales,Colchicaceae,Colchicum autumnale
GDKK,Monocots,Liliales,Colchicaceae,Gloriosa superba
OOSO,Monocots,Liliales,Melanthiaceae,Helonias bullata
AFLV,Monocots,Liliales,Melanthiaceae,Xerophyllum asphodeloides
MWYQ,Monocots,Liliales,Smilacaceae,Smilax bona-nox
VVVV,Monocots,Pandanales,Cyclanthaceae,Ludovia sp.
DGXS,Monocots,Pandanales,Pandanaceae,Freycinetia multiflora
VBHQ,Monocots,Pandanales,Stemonaceae,Stemona tuberosa
SILJ,Monocots,Pandanales,Velloziaceae,Talbotia elegans
QOXT,Monocots,Pandanales,Velloziaceae,Xerophyta villosa
QGLJ,Monocots/Commelinids,Arecales,Arecaceae,Cocos nucifera
NSPR,Monocots/Commelinids,Arecales,Arecaceae,Nypa fruticans
HWUP,Monocots/Commelinids,Arecales,Arecaceae,Sabal bermudana
HXJE,Monocots/Commelinids,Arecales,Arecaceae,Serenoa repens
YMES,Monocots/Commelinids,Arecales,Arecaceae,Typhonium blumei
BYPY,Monocots/Commelinids,Poales,Bromeliaceae,Brocchinia reducta
PWSG,Monocots/Commelinids,Poales,Cyperaceae,Cyperus papyrus
WBIB,Monocots/Commelinids,Poales,Cyperaceae,Lepidosperma gibsonii
XPAF,Monocots/Commelinids,Poales,Cyperaceae,Mapania palustris
WXNT,Monocots/Commelinids,Poales,Joinvilleaceae,Joinvillea ascendens
CIEA,Monocots/Commelinids,Poales,Juncaceae,Juncus inflexus
HATH,Monocots/Commelinids,Poales,Poaceae,Aristida stricta
RMVB,Monocots/Commelinids,Poales,Poaceae,Avena fatua
ROEI,Monocots/Commelinids,Poales,Poaceae,Cymbopogon nardus
IADP,Monocots/Commelinids,Poales,Poaceae,Deschampsia cespitosa
EFCZ,Monocots/Commelinids,Poales,Poaceae,Eleusine coracana
YPIC,Monocots/Commelinids,Poales,Poaceae,Microstegium vimineum
ZENX,Monocots/Commelinids,Poales,Poaceae,Neurachne alopecuroidea
SOHV,Monocots/Commelinids,Poales,Poaceae,Panicum miliaceum
XUAB,Monocots/Commelinids,Poales,Poaceae,Paraneurachne muelleri
WCOR,Monocots/Commelinids,Poales,Poaceae,Thyridolepis multiculmis
YXNR,Monocots/Commelinids,Poales,Poaceae,Triodia aff. bynoei
GZSF,Monocots/Commelinids,Poales,Poaceae,Uniola paniculata
BSTR,Monocots/Commelinids,Poales,Restionaceae,Chondropetalum tectorum
PPQR,Monocots/Commelinids,Poales,Typhaceae,Typha angustifolia
BRUD,Monocots/Commelinids,Poales,Typhaceae,Typha latifolia
TZNS,Monocots/Commelinids,Zingiberales,Cannaceae,Canna sp.
XHHU,Monocots/Commelinids,Zingiberales,Heliconiaceae,Heliconia sp.
LSKK,Monocots/Commelinids,Zingiberales,Lowiaceae,Orchidantha maxillarioides
JNUB,Monocots/Commelinids,Zingiberales,Marantaceae,Maranta leuconeura
UOEL,Monocots/Commelinids,Zingiberales,Strelitziaceae,Strelitzia reginae
LEMW,Monocots/Commelinids,Zingiberales,Zingiberaceae,Curcuma longa
BDJQ,Monocots/Commelinids,Zingiberales,Zingiberaceae,Zingiber officinale
